{
  "format_version": "1.12.0",
  "minecraft:geometry": [
    {
      "description": {
        "identifier": "geometry.praxe_durandal",
        "texture_width": 64,
        "texture_height": 64,
        "visible_bounds_width": 5,
        "visible_bounds_height": 6,
        "visible_bounds_offset": [
          0,
          2,
          0
        ]
      },
      "bones": [
        {
          "name": "rightArm",
          "pivot": [
            -5,
            22,
            0
          ]
        },
        {
          "name": "rightItem",
          "parent": "rightArm",
          "pivot": [
            -6,
            15,
            1
          ],
          "cubes": [
            {
              "origin": [
                -7,
                12,
                -10
              ],
              "size": [
                2,
                2,
                14
              ],
              "uv": {
                "north": {
                  "uv": [
                    27,
                    23
                  ],
                  "uv_size": [
                    2,
                    2
                  ]
                },
                "east": {
                  "uv": [
                    10,
                    14
                  ],
                  "uv_size": [
                    14,
                    2
                  ]
                },
                "south": {
                  "uv": [
                    6,
                    28
                  ],
                  "uv_size": [
                    2,
                    2
                  ]
                },
                "west": {
                  "uv": [
                    10,
                    16
                  ],
                  "uv_size": [
                    14,
                    2
                  ]
                },
                "up": {
                  "uv": [
                    10,
                    18
                  ],
                  "uv_size": [
                    2,
                    14
                  ]
                },
                "down": {
                  "uv": [
                    12,
                    32
                  ],
                  "uv_size": [
                    2,
                    -14
                  ]
                }
              }
            },
            {
              "origin": [
                -7.3,
                11.7,
                4
              ],
              "size": [
                2.6,
                2.6,
                3
              ],
              "uv": {
                "north": {
                  "uv": [
                    27,
                    0
                  ],
                  "uv_size": [
                    2.5,
                    2.5
                  ]
                },
                "east": {
                  "uv": [
                    16,
                    25
                  ],
                  "uv_size": [
                    3,
                    2.5
                  ]
                },
                "south": {
                  "uv": [
                    27,
                    3
                  ],
                  "uv_size": [
                    2.5,
                    2.5
                  ]
                },
                "west": {
                  "uv": [
                    19,
                    25
                  ],
                  "uv_size": [
                    3,
                    2.5
                  ]
                },
                "up": {
                  "uv": [
                    22,
                    25
                  ],
                  "uv_size": [
                    2.5,
                    3
                  ]
                },
                "down": {
                  "uv": [
                    25,
                    28
                  ],
                  "uv_size": [
                    2.5,
                    -3
                  ]
                }
              }
            },
            {
              "origin": [
                -8.4,
                8.6,
                -14
              ],
              "size": [
                4.8,
                1,
                2
              ],
              "uv": {
                "north": {
                  "uv": [
                    4,
                    27
                  ],
                  "uv_size": [
                    5,
                    1
                  ]
                },
                "east": {
                  "uv": [
                    28,
                    9
                  ],
                  "uv_size": [
                    2,
                    1
                  ]
                },
                "south": {
                  "uv": [
                    27,
                    6
                  ],
                  "uv_size": [
                    5,
                    1
                  ]
                },
                "west": {
                  "uv": [
                    28,
                    10
                  ],
                  "uv_size": [
                    2,
                    1
                  ]
                },
                "up": {
                  "uv": [
                    4,
                    23
                  ],
                  "uv_size": [
                    5,
                    2
                  ]
                },
                "down": {
                  "uv": [
                    16,
                    25
                  ],
                  "uv_size": [
                    5,
                    -2
                  ]
                }
              }
            },
            {
              "origin": [
                -6.6,
                9.6,
                -38.3
              ],
              "size": [
                1,
                6.9,
                26.3
              ],
              "uv": {
                "north": {
                  "uv": [
                    9,
                    23
                  ],
                  "uv_size": [
                    1,
                    7
                  ]
                },
                "east": {
                  "uv": [
                    0,
                    0
                  ],
                  "uv_size": [
                    26.5,
                    7
                  ]
                },
                "south": {
                  "uv": [
                    26,
                    18
                  ],
                  "uv_size": [
                    1,
                    7
                  ]
                },
                "west": {
                  "uv": [
                    0,
                    7
                  ],
                  "uv_size": [
                    26.5,
                    7
                  ]
                },
                "up": {
                  "uv": [
                    14,
                    18
                  ],
                  "uv_size": [
                    1,
                    26.5
                  ]
                },
                "down": {
                  "uv": [
                    15,
                    44.5
                  ],
                  "uv_size": [
                    1,
                    -26.5
                  ]
                }
              }
            },
            {
              "origin": [
                -8.4,
                8.6,
                -12
              ],
              "size": [
                4.8,
                8.8,
                2
              ],
              "uv": {
                "north": {
                  "uv": [
                    0,
                    14
                  ],
                  "uv_size": [
                    5,
                    9
                  ]
                },
                "east": {
                  "uv": [
                    0,
                    23
                  ],
                  "uv_size": [
                    2,
                    9
                  ]
                },
                "south": {
                  "uv": [
                    5,
                    14
                  ],
                  "uv_size": [
                    5,
                    9
                  ]
                },
                "west": {
                  "uv": [
                    2,
                    23
                  ],
                  "uv_size": [
                    2,
                    9
                  ]
                },
                "up": {
                  "uv": [
                    21,
                    23
                  ],
                  "uv_size": [
                    5,
                    2
                  ]
                },
                "down": {
                  "uv": [
                    24,
                    16
                  ],
                  "uv_size": [
                    5,
                    -2
                  ]
                }
              }
            },
            {
              "origin": [
                -8.4,
                16.4,
                -14
              ],
              "size": [
                4.8,
                1,
                2
              ],
              "uv": {
                "north": {
                  "uv": [
                    27,
                    7
                  ],
                  "uv_size": [
                    5,
                    1
                  ]
                },
                "east": {
                  "uv": [
                    28,
                    11
                  ],
                  "uv_size": [
                    2,
                    1
                  ]
                },
                "south": {
                  "uv": [
                    27,
                    8
                  ],
                  "uv_size": [
                    5,
                    1
                  ]
                },
                "west": {
                  "uv": [
                    28,
                    12
                  ],
                  "uv_size": [
                    2,
                    1
                  ]
                },
                "up": {
                  "uv": [
                    24,
                    16
                  ],
                  "uv_size": [
                    5,
                    2
                  ]
                },
                "down": {
                  "uv": [
                    4,
                    27
                  ],
                  "uv_size": [
                    5,
                    -2
                  ]
                }
              }
            }
          ],
          "locators": {
            "lead_hold": [
              -6,
              15,
              1
            ]
          }
        },
        {
          "name": "bone",
          "parent": "rightItem",
          "pivot": [
            -5,
            52.5,
            -9.7
          ],
          "rotation": [
            45,
            0,
            0
          ],
          "cubes": [
            {
              "origin": [
                -6.6,
                42.5,
                -60.4
              ],
              "size": [
                1,
                4.8,
                5
              ],
              "uv": {
                "north": {
                  "uv": [
                    27,
                    9
                  ],
                  "uv_size": [
                    1,
                    5
                  ]
                },
                "east": {
                  "uv": [
                    16,
                    18
                  ],
                  "uv_size": [
                    5,
                    5
                  ]
                },
                "south": {
                  "uv": [
                    27,
                    18
                  ],
                  "uv_size": [
                    1,
                    5
                  ]
                },
                "west": {
                  "uv": [
                    21,
                    18
                  ],
                  "uv_size": [
                    5,
                    5
                  ]
                },
                "up": {
                  "uv": [
                    4,
                    28
                  ],
                  "uv_size": [
                    1,
                    5
                  ]
                },
                "down": {
                  "uv": [
                    5,
                    33
                  ],
                  "uv_size": [
                    1,
                    -5
                  ]
                }
              }
            }
          ]
        }
      ]
    }
  ]
}