{
  "format_version": "1.12.0",
  "minecraft:geometry": [
    {
      "description": {
        "identifier": "geometry.praxe_ribcage",
        "texture_width": 64,
        "texture_height": 64,
        "visible_bounds_width": 3,
        "visible_bounds_height": 3,
        "visible_bounds_offset": [
          0,
          1.5,
          0
        ]
      },
      "bones": [
        {
          "name": "susanoo_rib",
          "pivot": [
            0,
            0,
            0
          ],
          "cubes": [
            {
              "origin": [
                -7.5,
                2,
                6.2
              ],
              "size": [
                8,
                2,
                2
              ],
              "pivot": [
                0,
                0,
                0
              ],
              "rotation": [
                0,
                -35,
                0
              ],
              "uv": [
                36,
                20
              ]
            },
            {
              "origin": [
                -7.5,
                10,
                6.2
              ],
              "size": [
                8,
                2,
                2
              ],
              "pivot": [
                0,
                0,
                0
              ],
              "rotation": [
                0,
                -35,
                0
              ],
              "uv": [
                36,
                16
              ]
            },
            {
              "origin": [
                -7.5,
                19,
                6.2
              ],
              "size": [
                8,
                2,
                2
              ],
              "pivot": [
                0,
                0,
                0
              ],
              "rotation": [
                0,
                -35,
                0
              ],
              "uv": [
                36,
                12
              ]
            },
            {
              "origin": [
                -7.5,
                28,
                6.2
              ],
              "size": [
                8,
                2,
                2
              ],
              "pivot": [
                0,
                0,
                0
              ],
              "rotation": [
                0,
                -35,
                0
              ],
              "uv": [
                36,
                8
              ]
            },
            {
              "origin": [
                -7.5,
                37,
                6.2
              ],
              "size": [
                8,
                2,
                2
              ],
              "pivot": [
                0,
                0,
                0
              ],
              "rotation": [
                0,
                -35,
                0
              ],
              "uv": [
                36,
                4
              ]
            },
            {
              "origin": [
                0.5,
                2,
                9.2
              ],
              "size": [
                8,
                2,
                2
              ],
              "pivot": [
                0,
                0,
                0
              ],
              "rotation": [
                0,
                75,
                0
              ],
              "uv": [
                36,
                0
              ]
            },
            {
              "origin": [
                0.5,
                10,
                9.2
              ],
              "size": [
                8,
                2,
                2
              ],
              "pivot": [
                0,
                0,
                0
              ],
              "rotation": [
                0,
                75,
                0
              ],
              "uv": [
                0,
                36
              ]
            },
            {
              "origin": [
                0.5,
                19,
                9.2
              ],
              "size": [
                8,
                2,
                2
              ],
              "pivot": [
                0,
                0,
                0
              ],
              "rotation": [
                0,
                75,
                0
              ],
              "uv": [
                18,
                34
              ]
            },
            {
              "origin": [
                0.5,
                28,
                9.2
              ],
              "size": [
                8,
                2,
                2
              ],
              "pivot": [
                0,
                0,
                0
              ],
              "rotation": [
                0,
                75,
                0
              ],
              "uv": [
                0,
                32
              ]
            },
            {
              "origin": [
                0.5,
                9,
                2
              ],
              "size": [
                8,
                2,
                2
              ],
              "pivot": [
                0,
                0,
                0
              ],
              "rotation": [
                -90,
                75,
                180
              ],
              "uv": [
                18,
                30
              ]
            },
            {
              "origin": [
                0.5,
                9,
                10
              ],
              "size": [
                8,
                2,
                2
              ],
              "pivot": [
                0,
                0,
                0
              ],
              "rotation": [
                -90,
                75,
                180
              ],
              "uv": [
                0,
                28
              ]
            },
            {
              "origin": [
                0.5,
                9,
                19
              ],
              "size": [
                8,
                2,
                2
              ],
              "pivot": [
                0,
                0,
                0
              ],
              "rotation": [
                -90,
                75,
                180
              ],
              "uv": [
                18,
                26
              ]
            },
            {
              "origin": [
                0.5,
                9,
                28
              ],
              "size": [
                8,
                2,
                2
              ],
              "pivot": [
                0,
                0,
                0
              ],
              "rotation": [
                -90,
                75,
                180
              ],
              "uv": [
                0,
                24
              ]
            },
            {
              "origin": [
                -4,
                37,
                5
              ],
              "size": [
                8,
                2,
                2
              ],
              "uv": [
                18,
                22
              ]
            },
            {
              "origin": [
                -0.5,
                37,
                6.2
              ],
              "size": [
                8,
                2,
                2
              ],
              "pivot": [
                0,
                0,
                0
              ],
              "rotation": [
                0,
                35,
                0
              ],
              "uv": [
                0,
                20
              ]
            },
            {
              "origin": [
                0.5,
                37,
                9.2
              ],
              "size": [
                8,
                2,
                2
              ],
              "pivot": [
                0,
                0,
                0
              ],
              "rotation": [
                0,
                75,
                0
              ],
              "uv": [
                18,
                18
              ]
            },
            {
              "origin": [
                -0.5,
                28,
                6.2
              ],
              "size": [
                8,
                2,
                2
              ],
              "pivot": [
                0,
                0,
                0
              ],
              "rotation": [
                0,
                35,
                0
              ],
              "uv": [
                18,
                14
              ]
            },
            {
              "origin": [
                0.5,
                9,
                37
              ],
              "size": [
                8,
                2,
                2
              ],
              "pivot": [
                0,
                0,
                0
              ],
              "rotation": [
                -90,
                75,
                180
              ],
              "uv": [
                18,
                10
              ]
            },
            {
              "origin": [
                -0.5,
                10,
                6.2
              ],
              "size": [
                8,
                2,
                2
              ],
              "pivot": [
                0,
                0,
                0
              ],
              "rotation": [
                0,
                35,
                0
              ],
              "uv": [
                18,
                6
              ]
            },
            {
              "origin": [
                -0.5,
                19,
                6.2
              ],
              "size": [
                8,
                2,
                2
              ],
              "pivot": [
                0,
                0,
                0
              ],
              "rotation": [
                0,
                35,
                0
              ],
              "uv": [
                18,
                2
              ]
            },
            {
              "origin": [
                -0.5,
                2,
                6.2
              ],
              "size": [
                8,
                2,
                2
              ],
              "pivot": [
                0,
                0,
                0
              ],
              "rotation": [
                0,
                35,
                0
              ],
              "uv": [
                0,
                16
              ]
            },
            {
              "origin": [
                -4,
                28,
                5
              ],
              "size": [
                8,
                2,
                2
              ],
              "uv": [
                0,
                12
              ]
            },
            {
              "origin": [
                -4,
                19,
                5
              ],
              "size": [
                8,
                2,
                2
              ],
              "uv": [
                0,
                8
              ]
            },
            {
              "origin": [
                -4,
                10,
                5
              ],
              "size": [
                8,
                2,
                2
              ],
              "uv": [
                0,
                4
              ]
            },
            {
              "origin": [
                -4,
                2,
                5
              ],
              "size": [
                8,
                2,
                2
              ],
              "uv": [
                0,
                0
              ]
            }
          ]
        }
      ]
    }
  ]
}