{
  "format_version": "1.10.0",
  "geometry.praxe_mask1": {
    "texturewidth": 32,
    "textureheight": 32,
    "visible_bounds_width": 2,
    "visible_bounds_height": 3,
    "visible_bounds_offset": [
      0,
      1.5,
      0
    ],
    "bones": [
      {
        "name": "root",
        "pivot": [
          0,
          0,
          0
        ]
      },
      {
        "name": "waist",
        "parent": "root",
        "pivot": [
          0,
          12,
          0
        ]
      },
      {
        "name": "body",
        "parent": "waist",
        "pivot": [
          0,
          24,
          0
        ]
      },
      {
        "name": "head",
        "parent": "body",
        "pivot": [
          0,
          24,
          0
        ]
      },
      {
        "name": "hat",
        "parent": "head",
        "pivot": [
          0,
          24,
          0
        ],
        "cubes": [
          {
            "origin": [
              -4,
              24,
              -4
            ],
            "size": [
              8,
              8,
              8
            ],
            "uv": [
              0,
              0
            ],
            "inflate": 0.002
          }
        ]
      },
      {
        "name": "eyepatch",
        "parent": "hat",
        "pivot": [
          -1,
          24,
          6
        ],
        "rotation": [
          0,
          0,
          -17.5
        ],
        "cubes": [
          {
            "origin": [
              -2,
              27.3,
              -4.1
            ],
            "size": [
              11,
              4,
              0
            ],
            "uv": [
              0,
              16
            ],
            "inflate": 0.002
          }
        ]
      },
      {
        "name": "cape",
        "parent": "body",
        "pivot": [
          0,
          24,
          3
        ]
      },
      {
        "name": "leftArm",
        "parent": "body",
        "pivot": [
          5,
          22,
          0
        ]
      },
      {
        "name": "leftSleeve",
        "parent": "leftArm",
        "pivot": [
          5,
          22,
          0
        ]
      },
      {
        "name": "leftItem",
        "parent": "leftArm",
        "pivot": [
          6,
          15,
          1
        ]
      },
      {
        "name": "rightArm",
        "parent": "body",
        "pivot": [
          -5,
          22,
          0
        ]
      },
      {
        "name": "rightSleeve",
        "parent": "rightArm",
        "pivot": [
          -5,
          22,
          0
        ]
      },
      {
        "name": "rightItem",
        "parent": "rightArm",
        "pivot": [
          -6,
          15,
          1
        ],
        "locators": {
          "lead_hold": [
            -6,
            15,
            1
          ]
        }
      },
      {
        "name": "jacket",
        "parent": "body",
        "pivot": [
          0,
          24,
          0
        ]
      },
      {
        "name": "leftLeg",
        "parent": "root",
        "pivot": [
          1.9,
          12,
          0
        ]
      },
      {
        "name": "leftPants",
        "parent": "leftLeg",
        "pivot": [
          1.9,
          12,
          0
        ]
      },
      {
        "name": "rightLeg",
        "parent": "root",
        "pivot": [
          -1.9,
          12,
          0
        ]
      },
      {
        "name": "rightPants",
        "parent": "rightLeg",
        "pivot": [
          -1.9,
          12,
          0
        ]
      }
    ]
  }
}