{
  "format_version": "1.12.0",
  "minecraft:geometry": [
    {
      "description": {
        "identifier": "geometry.praxe_joker",
        "texture_width": 128,
        "texture_height": 128,
        "visible_bounds_width": 6,
        "visible_bounds_height": 6,
        "visible_bounds_offset": [
          0,
          3,
          0
        ]
      },
      "bones": [
        {
          "name": "root",
          "pivot": [
            0,
            0,
            0
          ]
        },
        {
          "name": "waist",
          "parent": "root",
          "pivot": [
            0,
            12,
            0
          ]
        },
        {
          "name": "body",
          "parent": "waist",
          "pivot": [
            0,
            24,
            0
          ]
        },
        {
          "name": "head",
          "parent": "body",
          "pivot": [
            0,
            24,
            0
          ]
        },
        {
          "name": "hat",
          "parent": "head",
          "pivot": [
            0,
            24,
            0
          ]
        },
        {
          "name": "cape",
          "parent": "body",
          "pivot": [
            0,
            24,
            3
          ]
        },
        {
          "name": "leftArm",
          "parent": "body",
          "pivot": [
            5,
            22,
            0
          ]
        },
        {
          "name": "leftSleeve",
          "parent": "leftArm",
          "pivot": [
            5,
            22,
            0
          ]
        },
        {
          "name": "leftItem",
          "parent": "leftArm",
          "pivot": [
            6,
            15,
            1
          ]
        },
        {
          "name": "rightArm",
          "parent": "body",
          "pivot": [
            -5,
            22,
            0
          ]
        },
        {
          "name": "rightSleeve",
          "parent": "rightArm",
          "pivot": [
            -5,
            22,
            0
          ]
        },
        {
          "name": "rightItem",
          "parent": "rightArm",
          "pivot": [
            -6,
            15,
            1
          ],
          "locators": {
            "lead_hold": [
              -6,
              15,
              1
            ]
          }
        },
        {
          "name": "jacket",
          "parent": "body",
          "pivot": [
            0,
            24,
            0
          ]
        },
        {
          "name": "leftLeg",
          "parent": "root",
          "pivot": [
            1.9,
            12,
            0
          ]
        },
        {
          "name": "leftPants",
          "parent": "leftLeg",
          "pivot": [
            1.9,
            12,
            0
          ]
        },
        {
          "name": "rightLeg",
          "parent": "root",
          "pivot": [
            -1.9,
            12,
            0
          ]
        },
        {
          "name": "rightPants",
          "parent": "rightLeg",
          "pivot": [
            -1.9,
            12,
            0
          ]
        },
        {
          "name": "joker_right_lower",
          "pivot": [
            10,
            18,
            -12
          ],
          "rotation": [
            -44.31081,
            -26.06465,
            -24.23178
          ],
          "cubes": [
            {
              "origin": [
                -3,
                23,
                -14
              ],
              "size": [
                4,
                23,
                4
              ],
              "uv": [
                80,
                87
              ]
            }
          ]
        },
        {
          "name": "joker_left_lower",
          "pivot": [
            19,
            24,
            -17
          ],
          "rotation": [
            -101.15802,
            13.31791,
            11.45696
          ],
          "cubes": [
            {
              "origin": [
                7,
                25,
                -23
              ],
              "size": [
                4,
                23,
                4
              ],
              "uv": [
                64,
                87
              ]
            }
          ]
        },
        {
          "name": "joker_right_upper",
          "pivot": [
            -8,
            14,
            -9.6
          ],
          "rotation": [
            -34.40842,
            6.21271,
            10.86815
          ],
          "cubes": [
            {
              "origin": [
                -20,
                28,
                -11.6
              ],
              "size": [
                4,
                12,
                4
              ],
              "uv": [
                90,
                38
              ]
            },
            {
              "origin": [
                -22,
                40,
                -13
              ],
              "size": [
                8,
                8,
                8
              ],
              "uv": [
                60,
                71
              ]
            }
          ]
        },
        {
          "name": "joker_left_upper",
          "pivot": [
            17,
            18,
            -12
          ],
          "rotation": [
            -17.49524,
            -9.84655,
            -28.48124
          ],
          "cubes": [
            {
              "origin": [
                17,
                43,
                1
              ],
              "size": [
                8,
                8,
                8
              ],
              "uv": [
                62,
                26
              ]
            },
            {
              "origin": [
                19,
                31,
                3
              ],
              "size": [
                4,
                12,
                4
              ],
              "uv": [
                84,
                0
              ]
            }
          ]
        },
        {
          "name": "joker_body",
          "pivot": [
            2,
            0,
            10
          ],
          "rotation": [
            10,
            -15,
            0
          ],
          "cubes": [
            {
              "origin": [
                -7,
                16,
                17
              ],
              "size": [
                12,
                26,
                4
              ],
              "uv": [
                0,
                38
              ]
            }
          ]
        },
        {
          "name": "joker_collar",
          "parent": "joker_body",
          "pivot": [
            0,
            0,
            0
          ],
          "cubes": [
            {
              "origin": [
                -8,
                42,
                12
              ],
              "size": [
                14,
                3,
                14
              ],
              "uv": [
                0,
                21
              ]
            }
          ]
        },
        {
          "name": "joker_head",
          "pivot": [
            0,
            -2,
            9
          ],
          "rotation": [
            10,
            -15,
            0
          ],
          "cubes": [
            {
              "origin": [
                -6,
                45,
                14
              ],
              "size": [
                10,
                8,
                10
              ],
              "uv": [
                32,
                38
              ]
            }
          ]
        },
        {
          "name": "joker_head_upper",
          "parent": "joker_head",
          "pivot": [
            0,
            -2,
            -0.5
          ],
          "rotation": [
            -10,
            0,
            0
          ],
          "cubes": [
            {
              "origin": [
                -6,
                53,
                4.5
              ],
              "size": [
                10,
                5,
                10
              ],
              "uv": [
                60,
                56
              ]
            }
          ]
        },
        {
          "name": "joker_hat",
          "parent": "joker_head_upper",
          "pivot": [
            0,
            -2,
            -0.5
          ],
          "cubes": [
            {
              "origin": [
                -6,
                58,
                4.5
              ],
              "size": [
                10,
                5,
                10
              ],
              "uv": [
                15,
                104
              ]
            }
          ]
        },
        {
          "name": "joker_hat_upper_left",
          "pivot": [
            -7,
            0,
            -15.5
          ],
          "rotation": [
            -12.73215,
            -11.87426,
            12.75584
          ],
          "cubes": [
            {
              "origin": [
                -11,
                65,
                -7.5
              ],
              "size": [
                7,
                12,
                7
              ],
              "uv": [
                8,
                76
              ]
            }
          ]
        },
        {
          "name": "joker_hat_upper_right",
          "pivot": [
            56,
            25,
            3.5
          ],
          "rotation": [
            4.21563,
            -16.83787,
            -49.19787
          ],
          "cubes": [
            {
              "origin": [
                52,
                109,
                11.5
              ],
              "size": [
                7,
                9,
                7
              ],
              "uv": [
                36,
                83
              ]
            }
          ]
        },
        {
          "name": "joker_hat_upper_upper_right",
          "pivot": [
            27,
            4,
            -7.5
          ],
          "rotation": [
            -3.51607,
            -16.99331,
            -23.04822
          ],
          "cubes": [
            {
              "origin": [
                23,
                69,
                0.5
              ],
              "size": [
                7,
                20,
                7
              ],
              "uv": [
                32,
                56
              ]
            }
          ]
        },
        {
          "name": "joker_scythe",
          "pivot": [
            -10,
            4,
            -1
          ]
        },
        {
          "name": "joker_scythe_handle",
          "parent": "joker_scythe",
          "pivot": [
            -10,
            4,
            -1
          ],
          "rotation": [
            -7.32417,
            1.61888,
            39.89638
          ],
          "cubes": [
            {
              "origin": [
                -11,
                6,
                -16
              ],
              "size": [
                2,
                43,
                2
              ],
              "uv": [
                0,
                68
              ]
            }
          ]
        },
        {
          "name": "joker_scythe_blade",
          "parent": "joker_scythe",
          "pivot": [
            -22,
            21,
            -4.8
          ],
          "rotation": [
            -7.3242,
            1.6189,
            39.8964
          ],
          "cubes": [
            {
              "origin": [
                -23,
                60,
                -13.8
              ],
              "size": [
                42,
                21,
                0
              ],
              "uv": [
                0,
                0
              ]
            }
          ]
        }
      ]
    }
  ]
}