{
  "format_version": "1.12.0",
  "minecraft:geometry": [
    {
      "description": {
        "identifier": "geometry.praxe_violence_green",
        "texture_width": 64,
        "texture_height": 64,
        "visible_bounds_width": 4,
        "visible_bounds_height": 5,
        "visible_bounds_offset": [
          0,
          1.5,
          0
        ]
      },
      "bones": [
        {
          "name": "bb_main",
          "pivot": [
            0,
            0,
            0
          ],
          "cubes": [
            {
              "origin": [
                0,
                25.25,
                0.5
              ],
              "size": [
                0,
                4,
                7
              ],
              "pivot": [
                0,
                0,
                0
              ],
              "rotation": [
                22.5,
                0,
                0
              ],
              "uv": [
                28,
                26
              ]
            }
          ]
        },
        {
          "name": "body",
          "pivot": [
            0,
            24,
            0
          ],
          "cubes": [
            {
              "origin": [
                -4,
                12,
                -2
              ],
              "size": [
                8,
                12,
                4
              ],
              "uv": [
                0,
                17
              ]
            }
          ]
        },
        {
          "name": "bodyArmor",
          "parent": "body",
          "pivot": [
            0,
            24,
            0
          ]
        },
        {
          "name": "belt",
          "parent": "body",
          "pivot": [
            0,
            24,
            0
          ]
        },
        {
          "name": "waist",
          "pivot": [
            0,
            12,
            0
          ]
        },
        {
          "name": "head",
          "pivot": [
            0,
            24,
            0
          ]
        },
        {
          "name": "hat",
          "parent": "head",
          "pivot": [
            0,
            24,
            0
          ],
          "cubes": [
            {
              "origin": [
                -4,
                24,
                -4
              ],
              "size": [
                8,
                9,
                8
              ],
              "inflate": 0.5,
              "uv": [
                0,
                0
              ]
            },
            {
              "origin": [
                1.5,
                25,
                -6
              ],
              "size": [
                2,
                2,
                2
              ],
              "inflate": 0.02,
              "uv": [
                0,
                4
              ]
            },
            {
              "origin": [
                -3.5,
                25,
                -6
              ],
              "size": [
                2,
                2,
                2
              ],
              "inflate": 0.02,
              "uv": [
                0,
                0
              ]
            }
          ]
        },
        {
          "name": "rightArm",
          "pivot": [
            -5,
            22,
            0
          ],
          "cubes": [
            {
              "origin": [
                -8,
                12,
                -2
              ],
              "size": [
                4,
                12,
                4
              ],
              "uv": [
                16,
                33
              ]
            }
          ]
        },
        {
          "name": "rightItem",
          "parent": "rightArm",
          "pivot": [
            -6,
            15,
            1
          ]
        },
        {
          "name": "rightArmArmor",
          "parent": "rightArm",
          "pivot": [
            -5,
            22,
            0
          ]
        },
        {
          "name": "leftArm",
          "pivot": [
            5,
            22,
            0
          ],
          "mirror": true,
          "cubes": [
            {
              "origin": [
                4,
                12,
                -2
              ],
              "size": [
                4,
                12,
                4
              ],
              "uv": [
                0,
                33
              ],
              "mirror": false
            }
          ]
        },
        {
          "name": "leftArmArmor",
          "parent": "leftArm",
          "pivot": [
            5,
            22,
            0
          ],
          "mirror": true
        },
        {
          "name": "rightLeg",
          "pivot": [
            -1.9,
            12,
            0
          ],
          "cubes": [
            {
              "origin": [
                -3.9,
                0,
                -2
              ],
              "size": [
                4,
                12,
                4
              ],
              "uv": [
                32,
                0
              ]
            }
          ]
        },
        {
          "name": "rightLegging",
          "parent": "rightLeg",
          "pivot": [
            -1.9,
            12,
            0
          ]
        },
        {
          "name": "rightBoot",
          "parent": "rightLeg",
          "pivot": [
            -1.9,
            12,
            0
          ]
        },
        {
          "name": "rightSock",
          "parent": "rightLeg",
          "pivot": [
            -1.9,
            12,
            0
          ]
        },
        {
          "name": "leftLeg",
          "pivot": [
            2.9,
            9,
            0
          ],
          "mirror": true,
          "cubes": [
            {
              "origin": [
                -0.1,
                0,
                -2
              ],
              "size": [
                4,
                12,
                4
              ],
              "uv": [
                24,
                17
              ],
              "mirror": false
            }
          ]
        },
        {
          "name": "leftLegging",
          "parent": "leftLeg",
          "pivot": [
            2.9,
            9,
            0
          ],
          "mirror": true
        },
        {
          "name": "leftBoot",
          "parent": "leftLeg",
          "pivot": [
            2.9,
            9,
            0
          ],
          "mirror": true
        },
        {
          "name": "leftSock",
          "parent": "leftLeg",
          "pivot": [
            2.9,
            9,
            0
          ],
          "mirror": true
        },
        {
          "name": "helmet",
          "pivot": [
            0,
            24,
            0
          ]
        }
      ]
    }
  ]
}