{
  "format_version": "1.12.0",
  "minecraft:geometry": [
    {
      "description": {
        "identifier": "geometry.praxe_holy_grail",
        "texture_width": 16,
        "texture_height": 16,
        "visible_bounds_width": 2,
        "visible_bounds_height": 2,
        "visible_bounds_offset": [
          0,
          1,
          0
        ]
      },
      "bones": [
        {
          "name": "root",
          "pivot": [
            0,
            0,
            0
          ]
        },
        {
          "name": "waist",
          "parent": "root",
          "pivot": [
            0,
            12,
            0
          ]
        },
        {
          "name": "body",
          "parent": "waist",
          "pivot": [
            0,
            24,
            0
          ]
        },
        {
          "name": "head",
          "parent": "body",
          "pivot": [
            0,
            24,
            0
          ]
        },
        {
          "name": "hat",
          "parent": "head",
          "pivot": [
            0,
            24,
            0
          ]
        },
        {
          "name": "cape",
          "parent": "body",
          "pivot": [
            0,
            24,
            3
          ]
        },
        {
          "name": "leftArm",
          "parent": "body",
          "pivot": [
            5,
            22,
            0
          ]
        },
        {
          "name": "leftSleeve",
          "parent": "leftArm",
          "pivot": [
            5,
            22,
            0
          ]
        },
        {
          "name": "leftItem",
          "parent": "leftArm",
          "pivot": [
            6,
            15,
            1
          ]
        },
        {
          "name": "rightArm",
          "parent": "body",
          "pivot": [
            -5,
            22,
            0
          ]
        },
        {
          "name": "rightSleeve",
          "parent": "rightArm",
          "pivot": [
            -5,
            22,
            0
          ]
        },
        {
          "name": "rightItem",
          "parent": "rightArm",
          "pivot": [
            -6,
            15,
            1
          ],
          "cubes": [
            {
              "origin": [
                -7,
                13,
                -3
              ],
              "size": [
                1,
                1,
                6
              ],
              "uv": {
                "north": {
                  "uv": [
                    8,
                    1
                  ],
                  "uv_size": [
                    1,
                    1
                  ]
                },
                "east": {
                  "uv": [
                    0,
                    0
                  ],
                  "uv_size": [
                    6,
                    1
                  ]
                },
                "south": {
                  "uv": [
                    2,
                    8
                  ],
                  "uv_size": [
                    1,
                    1
                  ]
                },
                "west": {
                  "uv": [
                    0,
                    1
                  ],
                  "uv_size": [
                    6,
                    1
                  ]
                },
                "up": {
                  "uv": [
                    0,
                    2
                  ],
                  "uv_size": [
                    1,
                    6
                  ]
                },
                "down": {
                  "uv": [
                    1,
                    8
                  ],
                  "uv_size": [
                    1,
                    -6
                  ]
                }
              }
            },
            {
              "origin": [
                -7.5,
                12.5,
                3
              ],
              "size": [
                2,
                2,
                0.3
              ],
              "uv": {
                "north": {
                  "uv": [
                    6,
                    0
                  ],
                  "uv_size": [
                    2,
                    2
                  ]
                },
                "east": {
                  "uv": [
                    4,
                    6
                  ],
                  "uv_size": [
                    1,
                    2
                  ]
                },
                "south": {
                  "uv": [
                    2,
                    6
                  ],
                  "uv_size": [
                    2,
                    2
                  ]
                },
                "west": {
                  "uv": [
                    7,
                    6
                  ],
                  "uv_size": [
                    1,
                    2
                  ]
                },
                "up": {
                  "uv": [
                    0,
                    8
                  ],
                  "uv_size": [
                    2,
                    1
                  ]
                },
                "down": {
                  "uv": [
                    8,
                    1
                  ],
                  "uv_size": [
                    2,
                    -1
                  ]
                }
              }
            },
            {
              "origin": [
                -7.5,
                12.5,
                -6
              ],
              "size": [
                2,
                2,
                3
              ],
              "uv": {
                "north": {
                  "uv": [
                    7,
                    2
                  ],
                  "uv_size": [
                    2,
                    2
                  ]
                },
                "east": {
                  "uv": [
                    2,
                    2
                  ],
                  "uv_size": [
                    3,
                    2
                  ]
                },
                "south": {
                  "uv": [
                    7,
                    4
                  ],
                  "uv_size": [
                    2,
                    2
                  ]
                },
                "west": {
                  "uv": [
                    2,
                    4
                  ],
                  "uv_size": [
                    3,
                    2
                  ]
                },
                "up": {
                  "uv": [
                    5,
                    2
                  ],
                  "uv_size": [
                    2,
                    3
                  ]
                },
                "down": {
                  "uv": [
                    5,
                    8
                  ],
                  "uv_size": [
                    2,
                    -3
                  ]
                }
              }
            }
          ],
          "locators": {
            "lead_hold": [
              -6,
              15,
              1
            ]
          }
        },
        {
          "name": "jacket",
          "parent": "body",
          "pivot": [
            0,
            24,
            0
          ]
        },
        {
          "name": "leftLeg",
          "parent": "root",
          "pivot": [
            1.9,
            12,
            0
          ]
        },
        {
          "name": "leftPants",
          "parent": "leftLeg",
          "pivot": [
            1.9,
            12,
            0
          ]
        },
        {
          "name": "rightLeg",
          "parent": "root",
          "pivot": [
            -1.9,
            12,
            0
          ]
        },
        {
          "name": "rightPants",
          "parent": "rightLeg",
          "pivot": [
            -1.9,
            12,
            0
          ]
        }
      ]
    }
  ]
}