{
  "format_version": "1.12.0",
  "minecraft:geometry": [
    {
      "description": {
        "identifier": "geometry.praxe_toaster_guy",
        "texture_width": 64,
        "texture_height": 64,
        "visible_bounds_width": 3,
        "visible_bounds_height": 3,
        "visible_bounds_offset": [
          0,
          1.5,
          0
        ]
      },
      "bones": [
        {
          "name": "waist",
          "pivot": [
            0,
            12,
            0
          ]
        },
        {
          "name": "body",
          "parent": "waist",
          "pivot": [
            0,
            24,
            0
          ],
          "cubes": [
            {
              "origin": [
                -4,
                12,
                -2
              ],
              "size": [
                8,
                12,
                4
              ],
              "uv": [
                28,
                29
              ]
            }
          ]
        },
        {
          "name": "head",
          "parent": "body",
          "pivot": [
            0,
            24,
            0
          ]
        },
        {
          "name": "hat",
          "parent": "head",
          "pivot": [
            0,
            24,
            0
          ],
          "cubes": [
            {
              "origin": [
                -5,
                24,
                -3
              ],
              "size": [
                10,
                7,
                6
              ],
              "inflate": 0.5,
              "uv": [
                0,
                20
              ]
            },
            {
              "origin": [
                -4,
                25,
                1
              ],
              "size": [
                8,
                0,
                20
              ],
              "pivot": [
                0,
                24,
                0
              ],
              "rotation": [
                -45,
                0,
                0
              ],
              "uv": [
                0,
                0
              ]
            }
          ]
        },
        {
          "name": "rightArm",
          "parent": "body",
          "pivot": [
            -5,
            22,
            0
          ],
          "cubes": [
            {
              "origin": [
                -8,
                12,
                -2
              ],
              "size": [
                4,
                12,
                4
              ],
              "uv": [
                16,
                41
              ]
            }
          ]
        },
        {
          "name": "rightItem",
          "parent": "rightArm",
          "pivot": [
            -6,
            15,
            1
          ]
        },
        {
          "name": "leftArm",
          "parent": "body",
          "pivot": [
            5,
            22,
            0
          ],
          "mirror": true,
          "cubes": [
            {
              "origin": [
                4,
                12,
                -2
              ],
              "size": [
                4,
                12,
                4
              ],
              "uv": [
                36,
                0
              ],
              "mirror": false
            }
          ]
        },
        {
          "name": "leftItem",
          "parent": "leftArm",
          "pivot": [
            6,
            15,
            1
          ]
        },
        {
          "name": "rightLeg",
          "parent": "body",
          "pivot": [
            -1.9,
            12,
            0
          ],
          "cubes": [
            {
              "origin": [
                -3.9,
                0,
                -2
              ],
              "size": [
                4,
                12,
                4
              ],
              "uv": [
                0,
                33
              ]
            }
          ]
        },
        {
          "name": "leftLeg",
          "parent": "body",
          "pivot": [
            1.9,
            12,
            0
          ],
          "mirror": true,
          "cubes": [
            {
              "origin": [
                -0.1,
                0,
                -2
              ],
              "size": [
                4,
                12,
                4
              ],
              "uv": [
                0,
                0
              ],
              "mirror": false
            }
          ]
        }
      ]
    }
  ]
}