{
  "format_version": "1.17.0",
  "minecraft:item": {
    "description": {
      "identifier": "praxe:holy_grail",
      "category": "equipment"
    },
    "components": {
      "minecraft:hand_equipped": true,
      "minecraft:max_stack_size": 1,
      "minecraft:foil": false,
      "minecraft:allow_off_hand": false,
      "minecraft:icon": {
        "texture": "praxe:holy_grail"
      },
      "minecraft:display_name": {
        "value": "holy grail"
      },
      "tag:minecraft:transform_materials": {},
      "minecraft:cooldown": {
        "category": "holy_grail",
        "duration": 1
      },
      "minecraft:on_use": {
        "on_use": {
          "event": "on_use_event"
        }
      }
    },
    "events": {
      "on_use_event": {
        "swing": {},
        "run_command": {
          "command": [
            "function idk"
          ]
        }
      },
      "hurt": {
        "damage": {
          "type": "magic",
          "amount": 1,
          "target": "self"
        }
      }
    }
  }
}