{
  "format_version": "1.16.100",
  "minecraft:item": {
    "description": {
      "identifier": "praxe:mask1",
      "category": "equipment"
    },
    "components": {
      "minecraft:icon": {
        "texture": "praxe_mask1"
      },
      "minecraft:creative_category": {
        "parent": "itemGroup.name.helmet"
      },
      "minecraft:max_stack_size": 1,
      "minecraft:enchantable": {
        "value": 10,
        "slot": "armor_head"
      },
      "minecraft:durability": {
        "max_durability": 200,
        "damage_chance": {
          "min": 60,
          "max": 100
        }
      },
      "minecraft:knockback_resistance": {
        "protection": 0.75
      },
      "minecraft:mining_speed": 5,
      "minecraft:foil": false,
      "minecraft:hand_equipped": false,
      "minecraft:wearable": {
        "slot": "slot.armor.head"
      },
      "minecraft:render_offsets": {
        "main_hand": {
          "third_person": {
            "scale": [
              0.05,
              0.05,
              0.05
            ]
          },
          "first_person": {
            "scale": [
              0.018999999999988602,
              0.018999999999988602,
              0.018999999999988602
            ]
          }
        },
        "off_hand": {
          "third_person": {
            "scale": [
              0.05,
              0.05,
              0.05
            ]
          },
          "first_person": {
            "scale": [
              0.018999999999988602,
              0.018999999999988602,
              0.018999999999988602
            ]
          }
        }
      },
      "minecraft:repairable": {
        "repair_items": []
      },
      "minecraft:armor": {
        "protection": 7
      },
      "minecraft:display_name": {},
      "minecraft:allow_off_hand": false,
      "tag:minecraft:is_armor": {},
      "tag:minecraft:transformable_items": {},
      "tag:minecraft:trimmable_armors": {}
    }
  }
}